{"schemaVersion":"1.0","appDefinitionTemplate":{"id":"/providers/Microsoft.PowerApps/apps/","type":"Microsoft.PowerApps/apps","tags":{"primaryDeviceWidth":"1366","primaryDeviceHeight":"768","supportsPortrait":"true","supportsLandscape":"true","primaryFormFactor":"Tablet","publisherVersion":"3.22091.27","minimumRequiredApiVersion":"2.2.0","hasComponent":"true","hasUnlockedComponent":"true","isUnifiedRootApp":"false","sienaVersion":"20221004T230402Z-3.22091.27.0"},"properties":{"appVersion":"2022-10-04T23:04:02Z","lifeCycleId":"Published","createdByClientVersion":{"major":3,"minor":22091,"build":27,"revision":0,"majorRevision":0,"minorRevision":0},"minClientVersion":{"major":3,"minor":22091,"build":27,"revision":0,"majorRevision":0,"minorRevision":0},"backgroundColor":"rgba(0, 0, 0, 1)","backgroundImageUri":"/15535452647728284268/N6bcf0d43-7969-4622-b33c-cc951d6f3bea-logoSmallFile","displayName":"PowerApps - Map","description":"A free Component to embed Bing Maps in your applications","commitMessage":"","appUris":{"documentUri":{"value":"/15535452647728284268/Nb015000a-473d-4e25-83db-83af2b9d59ff-document.msapp"},"imageUris":[],"additionalUris":[]},"createdTime":"0001-01-01T00:00:00Z","lastModifiedTime":"0001-01-01T00:00:00Z","sharedGroupsCount":0,"sharedUsersCount":0,"icons":{"smallIconUri":"/15535452647728284268/Nf6dc7b2e-c8f5-4b4e-95a2-04bb888e2148-small.png","mediumIconUri":"/15535452647728284268/N634c3824-23c6-4b40-971e-5de19fbddd77-medium.png","largeIconUri":"/15535452647728284268/N6cf39aa6-e97a-4b8b-905d-a490dfc50027-large.png","wideIconUri":"/15535452647728284268/N94792fce-0443-4ff1-a2d5-85047c398d6d-wide.png"},"connectionReferences":{},"databaseReferences":{},"almMode":"Environment","performanceOptimizationEnabled":true,"canConsumeAppPass":true,"enableModernRuntimeMode":false,"executionRestrictions":{"isTeamsOnly":false,"dataLossPreventionEvaluationResult":{"status":"Compliant","lastEvaluationDate":"2022-10-04T21:16:12.7266614Z","violations":[],"violationsByPolicy":[],"violationErrorMessage":"The app uses the following connectors: ."}}},"appType":"ClassicCanvasApp","appComponents":[]}}