{"schemaVersion":"1.0","appDefinitionTemplate":{"id":"/providers/Microsoft.PowerApps/apps/","type":"Microsoft.PowerApps/apps","tags":{"primaryDeviceWidth":"1366","primaryDeviceHeight":"768","supportsPortrait":"true","supportsLandscape":"true","primaryFormFactor":"Tablet","publisherVersion":"3.22091.27","minimumRequiredApiVersion":"2.2.0","hasComponent":"true","hasUnlockedComponent":"true","isUnifiedRootApp":"false","sienaVersion":"20221004T215842Z-3.22091.27.0"},"properties":{"appVersion":"2022-10-04T21:58:42Z","lifeCycleId":"Published","createdByClientVersion":{"major":3,"minor":22091,"build":27,"revision":0,"majorRevision":0,"minorRevision":0},"minClientVersion":{"major":3,"minor":22091,"build":27,"revision":0,"majorRevision":0,"minorRevision":0},"backgroundColor":"rgba(0, 0, 0, 1)","backgroundImageUri":"/15535452647728284268/Nb5642535-8674-4bb3-a9d3-dc6d51382cad-logoSmallFile","displayName":"PowerApps - Map","description":"A free Component to embed Bing Maps in your applications","commitMessage":"","appUris":{"documentUri":{"value":"/15535452647728284268/N43b7b6f8-049f-48ec-8a85-d7689d4666f7-document.msapp"},"imageUris":[],"additionalUris":[]},"createdTime":"0001-01-01T00:00:00Z","lastModifiedTime":"0001-01-01T00:00:00Z","sharedGroupsCount":0,"sharedUsersCount":0,"icons":{"smallIconUri":"/15535452647728284268/N939b59b7-652a-4be1-9b03-9e5b649a15a4-small.png","mediumIconUri":"/15535452647728284268/Nf6a9dae4-b958-4f16-ae4c-2302c561df2f-medium.png","largeIconUri":"/15535452647728284268/Nb4045912-7405-43d8-813b-dba293e14276-large.png","wideIconUri":"/15535452647728284268/Nd5af2636-0a2a-47d6-a8e4-ce6f11990bd4-wide.png"},"connectionReferences":{},"databaseReferences":{},"almMode":"Environment","performanceOptimizationEnabled":true,"canConsumeAppPass":true,"enableModernRuntimeMode":false,"executionRestrictions":{"isTeamsOnly":false,"dataLossPreventionEvaluationResult":{"status":"Compliant","lastEvaluationDate":"2022-10-04T21:16:12.7266614Z","violations":[],"violationsByPolicy":[],"violationErrorMessage":"The app uses the following connectors: ."}}},"appType":"ClassicCanvasApp","appComponents":[]}}